"Site","Treatment","Species","mean_co2flux","median_co2flux","sd_co2flux","Site_Species"
"S3","Control","Zanmon",1.38773537211561,1.56713988944341,2.49139244725704,"S3 Zanmon"
"S3","Elevated","Zanmon",0.616984409291554,0.654325353280081,3.01369431686585,"S3 Zanmon"
"S4","Control","Vacgua",3.62621188648622,3.44158658431224,2.45027573710714,"S4 Vacgua"
"S4","Elevated","Vacgua",0.345231144813496,0.268829547788905,3.41502475676092,"S4 Vacgua"
"S5","Control","Brycra",1.38844420817547,1.40402383484074,1.38889284951256,"S5 Brycra"
"S5","Elevated","Brycra",0.790254073775286,0.926504614542492,2.12021648133242,"S5 Brycra"
